id,firstName,lastName,email,altEmail,phone,altPhone,add,city,st,zip,category,company,notes,userCreated
4,5 Mayhaw,5 Mayhaw,1test@test.com,,,,,Savannah,GA,,,4,,NOW()
5,5528 Garrard,5528 Garrard,2test@test.com,,,,,Savannah,GA,,,5,,NOW()
6,80 Coffee Point,80 Coffee Point,3test@test.com,,,,,Savannah,GA,,,6,,NOW()
7,808 Lovell,808 Lovell,4test@test.com,,,,,Savannah,GA,,,7,,NOW()
8,808 Lovell Tidy,808 Lovell Tidy,5test@test.com,,,,,Savannah,GA,,,8,,NOW()
9,Alamo,Alamo,6test@test.com,,,,,Savannah,GA,,,9,,NOW()
10,Becky,Becky,7test@test.com,,,,,Savannah,GA,,,10,,NOW()
11,Bennett,Bennett,8test@test.com,,,,,Savannah,GA,,,11,,NOW()
12,Berlin,Berlin,9test@test.com,,,,,Savannah,GA,,,12,,NOW()
13,Bill/Lisa,Bill/Lisa,10test@test.com,,,,,Savannah,GA,,,13,,NOW()
14,Brown,Brown,11test@test.com,,,,,Savannah,GA,,,14,,NOW()
15,Buchangh,Buchangh,12test@test.com,,,,,Savannah,GA,,,15,,NOW()
16,Buchannan,Buchannan,13test@test.com,,,,,Savannah,GA,,,16,,NOW()
17,Buchanon,Buchanon,14test@test.com,,,,,Savannah,GA,,,17,,NOW()
18,Butler,Butler,15test@test.com,,,,,Savannah,GA,,,18,,NOW()
19,Calloway,Calloway,16test@test.com,,,,,Savannah,GA,,,19,,NOW()
20,Calloway2,Calloway2,17test@test.com,,,,,Savannah,GA,,,20,,NOW()
21,Center,Center,18test@test.com,,,,,Savannah,GA,,,21,,NOW()
22,Chris Konsul,Chris Konsul,19test@test.com,,,,,Savannah,GA,,,22,,NOW()
23,Croshaw,Croshaw,20test@test.com,,,,,Savannah,GA,,,23,,NOW()
24,Diane McCabe,Diane McCabe,21test@test.com,,,,,Savannah,GA,,,24,,NOW()
25,Dianne Kessler,Dianne Kessler,22test@test.com,,,,,Savannah,GA,,,25,,NOW()
26,Donovan,Donovan,23test@test.com,,,,,Savannah,GA,,,26,,NOW()
27,Dr. Taylor,Dr. Taylor,24test@test.com,,,,,Savannah,GA,,,27,,NOW()
28,Dr. Williams,Dr. Williams,25test@test.com,,,,,Savannah,GA,,,28,,NOW()
29,Dr. Z,Dr. Z,26test@test.com,,,,,Savannah,GA,,,29,,NOW()
30,Faye,Faye,27test@test.com,,,,,Savannah,GA,,,30,,NOW()
31,Fred/Eric,Fred/Eric,28test@test.com,,,,,Savannah,GA,,,31,,NOW()
32,Grossman,Grossman,29test@test.com,,,,,Savannah,GA,,,32,,NOW()
33,Haegar,Haegar,30test@test.com,,,,,Savannah,GA,,,33,,NOW()
34,Hatch,Hatch,31test@test.com,,,,,Savannah,GA,,,34,,NOW()
35,Hildabrand,Hildabrand,32test@test.com,,,,,Savannah,GA,,,35,,NOW()
36,Jeffry,Jeffry,33test@test.com,,,,,Savannah,GA,,,36,,NOW()
37,Josh Jordan,Josh Jordan,34test@test.com,,,,,Savannah,GA,,,37,,NOW()
38,Judy Case,Judy Case,35test@test.com,,,,,Savannah,GA,,,38,,NOW()
39,Judy Walters,Judy Walters,36test@test.com,,,,,Savannah,GA,,,39,,NOW()
40,Karen Magill,Karen Magill,37test@test.com,,,,,Savannah,GA,,,40,,NOW()
41,Kelli,Kelli,38test@test.com,,,,,Savannah,GA,,,41,,NOW()
42,Koch,Koch,39test@test.com,,,,,Savannah,GA,,,42,,NOW()
43,Laura Griffka,Laura Griffka,40test@test.com,,,,,Savannah,GA,,,43,,NOW()
44,LeeAnn,LeeAnn,41test@test.com,,,,,Savannah,GA,,,44,,NOW()
45,Lilienfeld,Lilienfeld,42test@test.com,,,,,Savannah,GA,,,45,,NOW()
46,Lilienfeld2,Lilienfeld2,43test@test.com,,,,,Savannah,GA,,,46,,NOW()
47,Luecke,Luecke,44test@test.com,,,,,Savannah,GA,,,47,,NOW()
48,Lynn Gilifan,Lynn Gilifan,45test@test.com,,,,,Savannah,GA,,,48,,NOW()
49,Marion Smith,Marion Smith,46test@test.com,,,,,Savannah,GA,,,49,,NOW()
50,Mary Ellen Williams,Mary Ellen Williams,47test@test.com,,,,,Savannah,GA,,,50,,NOW()
51,McBrine,McBrine,48test@test.com,,,,,Savannah,GA,,,51,,NOW()
52,McCabe,McCabe,49test@test.com,,,,,Savannah,GA,,,52,,NOW()
53,McElreath,McElreath,50test@test.com,,,,,Savannah,GA,,,53,,NOW()
54,McGuffin,McGuffin,51test@test.com,,,,,Savannah,GA,,,54,,NOW()
55,Munroe,Munroe,52test@test.com,,,,,Savannah,GA,,,55,,NOW()
56,O'Brian,O'Brian,53test@test.com,,,,,Savannah,GA,,,56,,NOW()
57,Osborn,Osborn,54test@test.com,,,,,Savannah,GA,,,57,,NOW()
58,Pampas,Pampas,55test@test.com,,,,,Savannah,GA,,,58,,NOW()
59,Pampas - Carpet,Pampas - Carpet,56test@test.com,,,,,Savannah,GA,,,59,,NOW()
60,Peryeo,Peryeo,57test@test.com,,,,,Savannah,GA,,,60,,NOW()
61,Rackoff,Rackoff,58test@test.com,,,,,Savannah,GA,,,61,,NOW()
62,Regina,Regina,59test@test.com,,,,,Savannah,GA,,,62,,NOW()
63,Regina Copper,Regina Copper,60test@test.com,,,,,Savannah,GA,,,63,,NOW()
64,Risenbanm,Risenbanm,61test@test.com,,,,,Savannah,GA,,,64,,NOW()
65,Rita Reyland,Rita Reyland,62test@test.com,,,,,Savannah,GA,,,65,,NOW()
66,Rosenbaum,Rosenbaum,63test@test.com,,,,,Savannah,GA,,,66,,NOW()
67,Ruggles,Ruggles,64test@test.com,,,,,Savannah,GA,,,67,,NOW()
68,Shannon,Shannon,65test@test.com,,,,,Savannah,GA,,,68,,NOW()
69,Sharon,Sharon,66test@test.com,,,,,Savannah,GA,,,69,,NOW()
70,Solomon,Solomon,67test@test.com,,,,,Savannah,GA,,,70,,NOW()
71,Spivak,Spivak,68test@test.com,,,,,Savannah,GA,,,71,,NOW()
72,Stergess,Stergess,69test@test.com,,,,,Savannah,GA,,,72,,NOW()
73,Susan Kay,Susan Kay,70test@test.com,,,,,Savannah,GA,,,73,,NOW()
74,Terry Groover,Terry Groover,71test@test.com,,,,,Savannah,GA,,,74,,NOW()
75,Tesinski,Tesinski,72test@test.com,,,,,Savannah,GA,,,75,,NOW()
76,Tim Morin,Tim Morin,73test@test.com,,,,,Savannah,GA,,,76,,NOW()
77,Tybee,Tybee,74test@test.com,,,,,Savannah,GA,,,77,,NOW()
78,Tybee Rental,Tybee Rental,75test@test.com,,,,,Savannah,GA,,,78,,NOW()
79,Tybee1,Tybee1,76test@test.com,,,,,Savannah,GA,,,79,,NOW()
80,Tybee2,Tybee2,77test@test.com,,,,,Savannah,GA,,,80,,NOW()
81,Tybee3,Tybee3,78test@test.com,,,,,Savannah,GA,,,81,,NOW()
82,Tybee4,Tybee4,79test@test.com,,,,,Savannah,GA,,,82,,NOW()
83,Walters,Walters,80test@test.com,,,,,Savannah,GA,,,83,,NOW()
84,Werneke,Werneke,81test@test.com,,,,,Savannah,GA,,,84,,NOW()
85,Wesemann,Wesemann,82test@test.com,,,,,Savannah,GA,,,85,,NOW()
86,Williams,Williams,83test@test.com,,,,,Savannah,GA,,,86,,NOW()
87,Wright,Wright,84test@test.com,,,,,Savannah,GA,,,87,,NOW()
88,104 Queens Retreat,104 Queens Retreat,85test@test.com,,,,,Savannah,GA,,,88,,NOW()
89,117 E Sagebrush,117 E Sagebrush,86test@test.com,,,,,Savannah,GA,,,89,,NOW()
90,130 Andover,130 Andover,87test@test.com,,,,,Savannah,GA,,,90,,NOW()
91,143 Hunter Ln,143 Hunter Ln,88test@test.com,,,,,Savannah,GA,,,91,,NOW()
92,15 18th Terrace,15 18th Terrace,89test@test.com,,,,,Savannah,GA,,,92,,NOW()
93,1810 Reynolds,1810 Reynolds,90test@test.com,,,,,Savannah,GA,,,93,,NOW()
94,19 E 60th,19 E 60th,91test@test.com,,,,,Savannah,GA,,,94,,NOW()
95,21 E 60th,21 E 60th,92test@test.com,,,,,Savannah,GA,,,95,,NOW()
96,22 E 60th,22 E 60th,93test@test.com,,,,,Savannah,GA,,,96,,NOW()
97,2220 Armstrong,2220 Armstrong,94test@test.com,,,,,Savannah,GA,,,97,,NOW()
98,2301 Texas,2301 Texas,95test@test.com,,,,,Savannah,GA,,,98,,NOW()
99,26 E 60th,26 E 60th,96test@test.com,,,,,Savannah,GA,,,99,,NOW()
100,319 Tanglewood,319 Tanglewood,97test@test.com,,,,,Savannah,GA,,,100,,NOW()
101,335 Oxford,335 Oxford,98test@test.com,,,,,Savannah,GA,,,101,,NOW()
102,403 E 50th,403 E 50th,99test@test.com,,,,,Savannah,GA,,,102,,NOW()
103,410 E 65th,410 E 65th,100test@test.com,,,,,Savannah,GA,,,103,,NOW()
104,415 Stonebridge,415 Stonebridge,101test@test.com,,,,,Savannah,GA,,,104,,NOW()
105,507 Alamo,507 Alamo,102test@test.com,,,,,Savannah,GA,,,105,,NOW()
106,50th,50th,103test@test.com,,,,,Savannah,GA,,,106,,NOW()
107,514/516 Bolton,514/516 Bolton,104test@test.com,,,,,Savannah,GA,,,107,,NOW()
108,51st  ,51st  ,105test@test.com,,,,,Savannah,GA,,,108,,NOW()
109,51st Final,51st Final,106test@test.com,,,,,Savannah,GA,,,109,,NOW()
110,5604 Paulsen,5604 Paulsen,107test@test.com,,,,,Savannah,GA,,,110,,NOW()
111,625 E 48th,625 E 48th,108test@test.com,,,,,Savannah,GA,,,111,,NOW()
112,631 E 40th,631 E 40th,109test@test.com,,,,,Savannah,GA,,,112,,NOW()
113,808 Lovell Yard,808 Lovell Yard,110test@test.com,,,,,Savannah,GA,,,113,,NOW()
114,9 Macon St,9 Macon St,111test@test.com,,,,,Savannah,GA,,,114,,NOW()
115,Alamo Yard,Alamo Yard,112test@test.com,,,,,Savannah,GA,,,115,,NOW()
116,Ann Parsons,Ann Parsons,113test@test.com,,,,,Savannah,GA,,,116,,NOW()
117,Becky Yard,Becky Yard,114test@test.com,,,,,Savannah,GA,,,117,,NOW()
118,Bennett Yard,Bennett Yard,115test@test.com,,,,,Savannah,GA,,,118,,NOW()
119,Boling,Boling,116test@test.com,,,,,Savannah,GA,,,119,,NOW()
120,Cheryl Allen,Cheryl Allen,117test@test.com,,,,,Savannah,GA,,,120,,NOW()
121,Coastal Compound,Coastal Compound,118test@test.com,,,,,Savannah,GA,,,121,,NOW()
122,Colonial,Colonial,119test@test.com,,,,,Savannah,GA,,,122,,NOW()
123,Dale Dr.,Dale Dr.,120test@test.com,,,,,Savannah,GA,,,123,,NOW()
124,Danea,Danea,121test@test.com,,,,,Savannah,GA,,,124,,NOW()
125,Day,Day,122test@test.com,,,,,Savannah,GA,,,125,,NOW()
126,Delane,Delane,123test@test.com,,,,,Savannah,GA,,,126,,NOW()
127,Dianne,Dianne,124test@test.com,,,,,Savannah,GA,,,127,,NOW()
128,Dianne Kessler Yard,Dianne Kessler Yard,125test@test.com,,,,,Savannah,GA,,,128,,NOW()
129,Dr. Z Yard,Dr. Z Yard,126test@test.com,,,,,Savannah,GA,,,129,,NOW()
130,Eva,Eva,127test@test.com,,,,,Savannah,GA,,,130,,NOW()
131,Gladden,Gladden,128test@test.com,,,,,Savannah,GA,,,131,,NOW()
132,Grady,Grady,129test@test.com,,,,,Savannah,GA,,,132,,NOW()
133,Home Instead,Home Instead,130test@test.com,,,,,Savannah,GA,,,133,,NOW()
134,Jeffry Yard,Jeffry Yard,131test@test.com,,,,,Savannah,GA,,,134,,NOW()
135,John Mell,John Mell,132test@test.com,,,,,Savannah,GA,,,135,,NOW()
136,Judy Case Yard,Judy Case Yard,133test@test.com,,,,,Savannah,GA,,,136,,NOW()
137,Karla,Karla,134test@test.com,,,,,Savannah,GA,,,137,,NOW()
138,Kathee Hall,Kathee Hall,135test@test.com,,,,,Savannah,GA,,,138,,NOW()
139,Katie Mell,Katie Mell,136test@test.com,,,,,Savannah,GA,,,139,,NOW()
140,Kelli & Jeffry,Kelli & Jeffry,137test@test.com,,,,,Savannah,GA,,,140,,NOW()
141,Kelli Yard,Kelli Yard,138test@test.com,,,,,Savannah,GA,,,141,,NOW()
142,Lilienfeld Yard,Lilienfeld Yard,139test@test.com,,,,,Savannah,GA,,,142,,NOW()
143,Luecke Yard,Luecke Yard,140test@test.com,,,,,Savannah,GA,,,143,,NOW()
144,Lynn Yard,Lynn Yard,141test@test.com,,,,,Savannah,GA,,,144,,NOW()
145,Margaret,Margaret,142test@test.com,,,,,Savannah,GA,,,145,,NOW()
146,Mario,Mario,143test@test.com,,,,,Savannah,GA,,,146,,NOW()
147,Marsia & Julie,Marsia & Julie,144test@test.com,,,,,Savannah,GA,,,147,,NOW()
148,Mary Ann Greer,Mary Ann Greer,145test@test.com,,,,,Savannah,GA,,,148,,NOW()
149,McBrine Yard,McBrine Yard,146test@test.com,,,,,Savannah,GA,,,149,,NOW()
150,McElreath Yard,McElreath Yard,147test@test.com,,,,,Savannah,GA,,,150,,NOW()
151,Mike & Lynn,Mike & Lynn,148test@test.com,,,,,Savannah,GA,,,151,,NOW()
152,Mogerfield,Mogerfield,149test@test.com,,,,,Savannah,GA,,,152,,NOW()
153,Mrs. Brown,Mrs. Brown,150test@test.com,,,,,Savannah,GA,,,153,,NOW()
154,Nini,Nini,151test@test.com,,,,,Savannah,GA,,,154,,NOW()
155,Pam Miller,Pam Miller,152test@test.com,,,,,Savannah,GA,,,155,,NOW()
156,Peggy,Peggy,153test@test.com,,,,,Savannah,GA,,,156,,NOW()
157,Rafael,Rafael,154test@test.com,,,,,Savannah,GA,,,157,,NOW()
158,Ronald,Ronald,155test@test.com,,,,,Savannah,GA,,,158,,NOW()
159,Sandy Lance,Sandy Lance,156test@test.com,,,,,Savannah,GA,,,159,,NOW()
160,Santamaria,Santamaria,157test@test.com,,,,,Savannah,GA,,,160,,NOW()
161,Shanon Yard,Shanon Yard,158test@test.com,,,,,Savannah,GA,,,161,,NOW()
162,Sharon Yard,Sharon Yard,159test@test.com,,,,,Savannah,GA,,,162,,NOW()
163,Simone Yard,Simone Yard,160test@test.com,,,,,Savannah,GA,,,163,,NOW()
164,Sims,Sims,161test@test.com,,,,,Savannah,GA,,,164,,NOW()
165,Soloman Yard,Soloman Yard,162test@test.com,,,,,Savannah,GA,,,165,,NOW()
166,Suzanne Ridgeway,Suzanne Ridgeway,163test@test.com,,,,,Savannah,GA,,,166,,NOW()
167,Tanglewood,Tanglewood,164test@test.com,,,,,Savannah,GA,,,167,,NOW()
168,Tri-County,Tri-County,165test@test.com,,,,,Savannah,GA,,,168,,NOW()
169,Val,Val,166test@test.com,,,,,Savannah,GA,,,169,,NOW()
170,Walter Day,Walter Day,167test@test.com,,,,,Savannah,GA,,,170,,NOW()
171,Wesemann Yard,Wesemann Yard,168test@test.com,,,,,Savannah,GA,,,171,,NOW()
172,Wesemann1,Wesemann1,169test@test.com,,,,,Savannah,GA,,,172,,NOW()
173,Wesemann2,Wesemann2,170test@test.com,,,,,Savannah,GA,,,173,,NOW()
174,Wessels,Wessels,171test@test.com,,,,,Savannah,GA,,,174,,NOW()
,,,test@test.com,,,,,,,,,,,
